FG%,3PA,3P%,2P%,FT%,ORB,TRB,AST,STL,BLK,PTS
0.447,1,0.271,0.5,0.721,1,3.6,0.7,0.4,0.5,5.2
0.414,0.3,0.111,0.427,0.652,1.5,5.1,0.9,0.6,0.3,6.7
0.557,0.1,0,0.562,0.72,1.9,5.6,0.8,0.5,0.6,11.5
0.574,0.6,0.413,0.59,0.612,2.1,6.1,1.6,0.6,0.8,9.3
0.437,1,0.317,0.47,0.6,0.4,2.1,0.6,0.2,0.3,4.9
0.421,0.4,0.304,0.431,0.641,0.9,3.8,0.8,0.5,0.3,5.2
0.535,0.2,0.083,0.54,0.805,2.5,10.2,2.2,1.5,2.9,24.4
0.41,3.8,0.366,0.534,0.783,0.7,3.1,0.8,0.3,0.2,6.3
0.502,0.4,0.4,0.504,0.728,1.9,7.6,5.3,0.9,0.5,21.9
0.46,2.1,0.32,0.512,0.774,1,4.3,2.9,0.4,0.3,8.7
0.642,0,0,0.647,0.696,1.7,4.3,0.5,0.7,1.3,7.3
0.504,0.4,0.281,0.515,0.79,1.7,4.9,1.3,0.5,0.4,10.6
0.515,0,,0.515,0.82,1.4,3.8,0.4,0.2,0.2,7.2
0.499,0,,0.499,0.627,1.6,6.8,1.3,0.6,0.2,11.8
0.392,4.6,0.393,0.39,0.886,0.4,3.9,1.3,0.6,0.5,7.3
0.414,3.5,0.376,0.475,0.571,0.5,2.3,0.3,0.2,0.3,6.3
0.449,0.3,0.133,0.48,0.574,0.9,2.9,0.3,0.2,0.4,3.7
0.457,0.2,0.1,0.468,0.617,1.1,3.9,0.8,0.7,0.6,5.2
0.404,1.9,0.236,0.471,0.78,0.9,2.9,1,0.8,0.4,6.6
0.511,0,0,0.514,0.654,1.7,5.2,1.7,0.6,0.5,7.9
0.471,0.3,0.2,0.479,0.739,1.6,6.8,3.4,0.7,0.7,11.7
0.525,0.1,0.167,0.527,0.669,2.6,8.2,1.5,0.8,1.7,16
0.447,2.1,0.314,0.511,0.684,0.6,2.7,0.7,0.5,0.1,8.3
0.459,3.6,0.38,0.486,0.882,0.6,5.9,1.9,0.5,0.4,17.3
0.504,1.9,0.368,0.536,0.602,1.9,5.9,1.8,0.8,0.5,12
0.443,4.2,0.337,0.523,0.66,1.4,8.2,3.7,1.6,1.3,11.7
0.399,1.2,0.39,0.401,0.773,1.4,4.4,1,0.4,0.2,5.4
0.601,0,,0.601,0.487,2.9,7.6,1.2,0.6,1.2,8.3
0.472,3.3,0.389,0.515,0.645,1.4,4.8,1,0.6,0.3,11.5
0.513,0.1,0,0.548,0.481,1.9,4.3,0.7,0.4,0.4,2.3
0.459,0.1,0,0.466,0.632,0.6,2.3,0.5,0.6,0.3,4
0.496,0,,0.496,0.75,3.3,10.2,2.1,1.1,0.5,15.9
0.589,0.7,0.216,0.643,0.657,0.9,3.7,1.4,0.8,1,7.9
0.439,3.2,0.283,0.494,0.744,2.5,7.6,2.3,0.8,0.7,13.3
0.422,0,,0.422,0.577,1.4,3.3,0.3,0.3,0.7,3.3
0.47,0,0,0.471,0.622,1.7,6.5,1,0.4,0.7,6.1
0.552,0,0,0.556,0.289,1.5,4,0.4,0.6,0.4,2.7
0.367,0,,0.367,0.444,0.8,1.9,0.5,0.1,0.1,2.9
0.443,0.5,0.241,0.467,0.627,0.8,3.3,0.7,0.3,0.1,4.5
0.446,1.9,0.386,0.481,0.848,1.2,3.8,0.9,0.6,0.2,6
0.419,2.7,0.316,0.451,0.498,1.8,6.4,3.3,1,1.4,12.4
0.507,0.1,0.125,0.511,0.691,3.2,8.9,1.2,0.8,0.8,12.6
0.467,0.1,0.143,0.475,0.8,1,6.6,1.6,1,0.4,6.9
0.434,5.2,0.367,0.48,0.804,1.9,9.7,2.2,0.7,0.5,16.4
0.473,0.1,0,0.481,0.744,1.8,6.5,0.9,0.5,0.4,8
0.492,0.8,0.279,0.538,0.772,0.9,3.9,1.2,0.6,0.8,5.8
0.466,1.5,0.352,0.475,0.845,2.5,10.2,1.7,0.7,1,23.4
0.412,0.4,0.318,0.417,0.727,1,3.1,1.1,0.6,0.1,7.1
0.427,0,0,0.429,0.471,1.8,5.1,1.3,0.4,1,4.9
0.395,3,0.307,0.435,0.589,1.2,4.9,1.6,1.2,0.3,9.9
0.467,0.2,0.25,0.474,0.699,1.7,6.5,1.3,0.6,0.2,9.4
0.434,3.9,0.358,0.487,0.628,0.9,4.8,1.6,0.8,0.2,10.4
0.465,2.2,0.318,0.494,0.763,1.3,6.2,2.3,1.2,0.5,15.3
0.424,3.4,0.358,0.5,0.713,0.7,4.9,1.3,0.9,0.5,7.4
0.409,1.8,0.365,0.462,0.811,0.4,1.6,0.7,0.1,0.2,3.7
0.55,0.6,0.409,0.574,0.88,1.3,3,0.6,0.4,0.5,4.9
0.444,2.8,0.344,0.517,0.792,0.7,2.9,1.1,0.4,0,7.8
0.382,4.8,0.321,0.476,0.717,0.7,4.9,1.2,0.4,0.4,8.5
0.533,0.1,0,0.54,0.625,1.7,5.2,0.4,0.5,0.5,6.3
0.511,0.1,0.2,0.513,0.604,1.3,5.1,1.8,1,0.3,11
0.419,0.9,0.267,0.466,0.692,1.4,3.8,1.4,0.5,0.4,4.1
0.405,3.8,0.316,0.495,0.803,0.8,4.9,1.2,0.7,0.7,10.2
0.449,3.5,0.371,0.536,0.788,1.6,5.3,1.9,0.7,0.5,8
0.494,0.3,0.462,0.495,0.803,2.8,11.8,2.7,0.3,1.9,18.5
0.476,3,0.356,0.513,0.757,1.9,7.8,3.1,1.8,0.9,16.7
0.459,0.9,0.3,0.494,0.784,1.2,4.4,1,0.4,0.3,5.9
0.423,0,0,0.43,0.619,2.1,6.4,0.7,0.5,0.1,3.7
0.399,5.9,0.34,0.457,0.854,1.8,4.8,0.9,0.5,0.3,13.7
0.337,2.6,0.336,0.337,0.832,0.3,2.8,1.8,0.6,0.5,6.4
0.476,3.2,0.376,0.511,0.836,2.1,7.8,0.9,0.5,2.4,14.3
0.393,2.4,0.313,0.452,0.647,0.4,3.5,1.2,0.3,0.7,5.8
0.502,0,,0.502,0.717,2.6,6.4,1.1,0.6,1.2,10.3
0.528,1.1,0.351,0.553,0.606,2.4,6.7,1.1,0.5,1.8,11.7
0.466,1.5,0.33,0.484,0.655,1.7,5.4,2.3,1.6,0.3,14.1
0.485,0,0,0.488,0.528,1.8,5.6,0.6,0.6,0.4,5.7
0.487,1.1,0.345,0.518,0.581,1.8,5,1.1,0.5,0.5,7.2
0.547,0,,0.547,0.641,3.3,8,0.5,0.4,0.7,8.5
0.521,0.1,0.143,0.538,0.698,1.4,3.6,0.3,0.4,0.2,3.6
0.448,0.2,0.2,0.459,0.703,1.1,4.2,0.7,0.3,0.2,4.2
0.487,0.3,0.35,0.49,0.765,3.2,10.5,2.2,1,0.2,16.1
0.473,1.8,0.296,0.531,0.668,2,6.5,1.6,0.8,0.7,9.2
0.585,0.5,0.233,0.624,0.57,2.3,6.4,1.7,0.7,1.1,7.3
0.471,2,0.36,0.536,0.785,0.6,3.6,0.4,0.2,0.4,6.9
0.386,3.8,0.36,0.5,0.617,0.5,3.2,0.7,0.4,0.2,5.3
0.499,0.5,0.333,0.504,0.727,1.5,8.4,4.9,0.8,0.5,21.4
0.427,0.8,0.308,0.443,0.727,2,5.4,0.8,0.4,0.4,7
0.527,0.9,0.362,0.564,0.737,0.8,3.1,2.3,0.3,0.3,6.4
0.549,0,0,0.552,0.845,1.6,4.3,1.1,0.5,0.8,7.2
0.556,0.4,0.462,0.561,0.736,1.4,4.1,0.9,0.3,0.3,9.8
0.382,2.8,0.273,0.503,0.917,0.4,2.5,0.4,0.3,0.2,5.1
0.467,4.2,0.365,0.508,0.795,0.9,7.4,2.4,0.7,0.6,19.1
0.452,1.7,0.385,0.473,0.755,1.2,4.2,1.4,0.8,0.7,7.5
0.531,0,0,0.533,0.763,1.8,5.5,1.5,0.4,0.5,7.8
0.545,0.1,0.429,0.546,0.788,0.9,4,1.8,0.6,0.7,7.1
0.515,0.1,0,0.518,0.709,2.7,8.1,1.5,1.2,1.5,16.4
0.448,4.6,0.368,0.483,0.893,0.7,6.5,1.8,0.7,0.7,18.3
0.439,1.5,0.281,0.5,0.642,1,2.9,1.1,0.5,0.1,6.2
0.49,3.2,0.388,0.537,0.696,1.7,9.5,7.4,1.5,1.4,14
0.32,1.4,0.171,0.419,0.643,0.9,2.8,0.4,0.3,0.4,2.7
0.493,0.2,0.125,0.514,0.739,1.2,4,0.6,0.5,0.3,5.8
0.611,0,,0.611,0.559,2.8,7.4,1.1,0.7,0.9,6.5
0.424,3.5,0.371,0.458,0.721,1.9,5.4,0.9,0.7,0.4,10.4
0.493,0.5,0.257,0.502,0.768,1.6,5.2,1.7,0.9,0.4,14.1
0.475,1.2,0.303,0.54,0.574,0.5,2.2,1.2,0.5,0.6,5
0.465,0.6,0.333,0.478,0.752,1.8,4.8,0.9,0.6,0.4,7.4
0.478,2.9,0.42,0.534,0.735,0.7,3.5,2.1,0.9,0.2,7.9
0.435,1.3,0.282,0.458,0.64,2.4,8.3,2.3,0.9,0.6,10.3
0.419,1.9,0.24,0.477,0.658,1.3,4.7,1.8,0.7,1.6,9.7
0.411,0,1,0.409,0.675,1,2.7,0.5,0.3,0.1,3
0.481,1.6,0.382,0.511,0.762,1.1,5.6,1.1,0.6,0.4,8.5
0.413,1.4,0.398,0.421,0.782,1,3.7,0.8,0.3,0.3,4.4
0.372,1.2,0.245,0.434,0.7,0.5,2.5,1.9,0.4,0.2,3.6
0.364,2.6,0.287,0.417,0.552,0.9,3.5,1.6,0.6,0.9,6
0.429,0.4,0.278,0.436,0.715,2.1,10.2,1.8,0.7,0.4,11.3
0.558,0,0.5,0.558,0.613,3.5,8.7,1.2,0.5,0.9,12.5
0.47,0,0,0.474,0.667,0.4,3.9,1.6,0.7,0.3,3.2
0.419,5.7,0.36,0.467,0.822,1.9,9.9,2.4,0.8,0.5,16
0.41,2,0.315,0.465,0.798,1.1,4.1,0.7,0.3,0.4,6.5
0.421,3.4,0.333,0.454,0.838,1.8,7.3,1.3,0.7,1.9,14.3
0.476,0.3,0.227,0.498,0.767,1.2,3.8,1.1,0.3,0.8,4.8
0.513,0.2,0,0.521,0.858,2.4,8.5,1.5,0.5,1.1,18
0.442,1.8,0.404,0.458,0.857,0.6,2.2,0.9,0.4,0.1,8.2
0.527,0.2,0.1,0.541,0.681,1.6,5,0.7,0.9,0.4,5.5
0.516,0,,0.516,0.63,2.1,5.4,1,0.3,0.5,5.4
0.454,0.5,0.325,0.485,0.526,0.8,2.3,0.4,0.6,0.3,3.1
0.45,2.1,0.404,0.467,0.726,1.1,4.7,0.9,0.6,0.4,8.7
0.455,3.5,0.344,0.513,0.755,1.5,6,1.9,1,0.4,12.3
0.425,2.4,0.303,0.458,0.735,1.1,5.5,1.9,0.9,0.5,12
0.452,4.7,0.402,0.504,0.833,1.6,6.4,1.4,0.7,1,11.7
0.448,3.7,0.377,0.527,0.761,0.8,5.1,1.5,0.1,0.3,8.4
0.468,2.1,0.392,0.523,0.794,0.7,2.7,1,0.3,0.2,6.2
0.427,5.8,0.393,0.476,0.774,0.7,3.8,1.1,0.4,0.3,12.2
0.468,2.1,0.384,0.564,0.727,0.8,3.5,1.4,0.4,0.4,5.1
0.544,0.1,0,0.549,0.578,0.9,4.5,1.7,0.9,0.5,9.2
0.459,0,0,0.467,0.697,1.2,2.9,0.9,0.3,0.3,2.1
0.407,5.2,0.39,0.43,0.807,0.9,5.5,1.5,0.9,0.7,11.8
0.421,0.6,0.239,0.457,0.745,1.2,3.9,0.4,0.3,0.3,3.6
0.481,4,0.409,0.537,0.648,0.8,5.9,1.4,0.8,0.2,11.8
0.414,3.7,0.362,0.49,0.853,1,4.3,1.2,0.7,0.4,6.9
0.47,2.9,0.319,0.512,0.757,2.4,9,3.3,1.8,1.7,17.1
0.556,0.8,0.388,0.606,0.735,1.1,3.2,0.5,0.5,0.4,5.2
0.514,0.9,0.182,0.596,0.689,1.2,2.6,0.6,0.4,0.8,5.6
0.427,5.4,0.366,0.466,0.873,2,6,1.1,0.6,0.4,17
0.369,1,0.135,0.446,0.685,0.6,3.4,0.6,0.4,0.3,4.2
0.479,2.4,0.326,0.52,0.752,1.8,6.8,0.8,0.5,1.9,12.6
0.405,1.8,0.373,0.422,0.831,0.9,4.3,1.9,0.4,0.5,6
0.526,0,0,0.529,0.692,2.8,6.9,1.5,0.6,1.1,8.6
0.452,1.6,0.316,0.49,0.664,1.2,4.2,0.8,0.5,0.8,8.7
0.514,0.4,0.233,0.523,0.644,2.4,9,1.8,1.5,0.5,15.1
0.447,0,0,0.448,0.431,1.9,5.1,0.6,0.5,0.5,4.3
0.469,3.1,0.335,0.518,0.831,1.3,6.7,2.2,0.9,0.5,14.7
0.49,0.5,0.293,0.513,0.67,2.1,5.7,1.1,0.7,0.5,5.9
0.438,1.6,0.383,0.461,0.695,0.7,3.7,0.7,0.3,0.2,6.1
0.588,0,,0.588,0.616,3.3,9,0.8,0.5,0.6,7.8
0.475,0.4,0.231,0.482,0.796,2.6,7.8,2.1,0.6,0.2,15.3
0.393,3.5,0.33,0.445,0.706,1.3,7.4,1.6,1,0.7,8.7
0.576,0.8,0.409,0.612,0.67,1.5,4.6,1.8,0.6,0.8,6.5
0.442,3.5,0.391,0.537,0.744,0.8,3.6,1.2,0.5,0.3,7.1
0.493,1.9,0.336,0.514,0.76,1.8,8.1,4.9,0.9,0.4,21.6
0.488,1.5,0.333,0.541,0.661,1.2,4.6,0.5,0.3,0.2,6.8
0.446,1.1,0.247,0.512,0.743,0.6,2.2,2.3,0.2,0.1,4.6
0.575,0.1,0.333,0.579,0.875,0.8,2.5,0.4,0.3,0.2,5.6
0.485,2.7,0.392,0.579,0.593,0.8,4.2,0.6,0.6,0.4,6.6
0.411,4.2,0.311,0.469,0.782,1.4,6.3,2.2,0.7,0.4,12.8
0.442,2.9,0.453,0.429,0.864,0.6,2.7,1,0.5,0.5,6.4
0.59,0,,0.59,0.708,1.9,5.6,1.6,0.4,0.5,7.3
0.44,2.6,0.399,0.557,0.824,0.3,1.5,0.7,0.3,0.4,4.5
0.487,0.2,0.3,0.491,0.615,1.8,6.1,1.1,0.9,0.8,9.5
0.443,1.9,0.309,0.531,0.652,0.4,2.6,0.6,0.3,0.1,6.1
0.437,3.9,0.378,0.463,0.875,0.4,6.5,1.5,0.6,0.7,14.2
0.399,2,0.321,0.438,0.657,0.6,3.6,1,0.5,0.4,5.9
0.413,1.4,0.234,0.505,0.51,0.8,3,0.9,0.5,0.3,4.4
0.372,2.4,0.293,0.479,0.754,0.7,2.7,0.8,0.6,0.3,4.3
0.354,2.3,0.277,0.483,0.364,0.5,2.4,0.5,0.2,0.5,3.4
0.418,3.5,0.308,0.494,0.709,1.3,7.9,7,2,1.4,10.2
0.528,0,,0.528,0.617,2.1,5.3,0.6,0.3,0.5,4.3
0.431,4.9,0.353,0.496,0.778,1.4,5.9,1.7,0.7,0.3,13.1
0.502,0.5,0.372,0.511,0.814,2.3,7.9,1.9,1.1,1.2,10
0.468,2.8,0.351,0.492,0.861,1.2,5,1.5,0.8,0.2,19.2
0.49,3.5,0.365,0.525,0.743,1.5,6.2,2.8,1,0.4,20.1
0.479,3.4,0.34,0.548,0.707,0.9,4.9,3.6,1,1.1,12.8
0.5,1.9,0.379,0.549,0.802,2.2,7.1,1.1,0.6,0.4,8.9
0.454,3.2,0.379,0.559,0.662,0.5,3.5,1.9,0.7,0.3,6.8
0.384,0.6,0.36,0.389,0.8,1,3.9,0.2,0.4,0.2,3.9
0.394,2.8,0.275,0.458,0.863,0.6,3.1,1.2,0.5,0.2,9.2
0.463,1.5,0.371,0.514,0.612,0.5,2.6,0.6,0.4,1,5.5
0.48,2.2,0.293,0.545,0.867,1.4,5.4,1.5,0.4,0.3,10.2
0.435,1.7,0.346,0.523,0.703,0.8,3.5,0.9,0.3,0.2,3.8
0.451,1.8,0.407,0.495,0.75,0.7,3,0.5,0.5,0.2,4.9
0.488,0.9,0.27,0.507,0.723,2,8.6,3.6,0.7,0.5,13.2
0.548,0.1,0,0.556,0.693,3,7.6,0.9,0.7,0.7,9.6
0.537,5,0.375,0.608,0.875,0.6,8.3,4.8,1.1,1.6,25.1
0.427,6.5,0.373,0.471,0.871,2.5,11.1,1.9,0.9,0.4,19
0.551,0,0,0.556,0.636,0.8,2.9,0.5,0.1,0.4,4.7
0.407,1,0.352,0.425,0.78,1.1,3.7,0.5,0.3,0.4,4.6
0.45,4.8,0.357,0.493,0.786,1.7,7.2,1.5,0.7,2,18.1
0.477,0.8,0.411,0.48,0.812,2.4,7.3,1.9,0.6,1.2,17.3
0.398,1.8,0.447,0.371,0.843,0.7,3.1,0.8,0.5,0.1,6
0.526,0.6,0.278,0.554,0.738,1.9,5.9,1.5,1.3,0.6,7.1
0.458,0,0,0.461,0.697,1.7,3.6,0.9,0.3,0.4,2.9
0.47,1.4,0.34,0.535,0.676,1.4,3.9,1,0.4,0.1,5.1
0.457,2.6,0.362,0.483,0.837,1.4,6.5,1.7,1.1,0.6,14
0.449,2.7,0.321,0.52,0.624,1.2,4.2,0.7,0.8,0.9,9.2
0.422,4.7,0.35,0.494,0.873,1.2,6.6,1.4,0.8,0.7,11.2
0.453,0.2,0.143,0.481,0.731,0.7,2,0.3,0.5,0.3,3.1
0.386,2.9,0.347,0.436,0.875,0.4,3.2,1,0.2,0.4,5.4
0.532,0.8,0.419,0.545,0.743,0.7,3.4,0.9,0.5,0.5,9.4
0.373,4.4,0.341,0.46,0.778,0.2,2.3,0.7,0.2,0.2,6.4
0.424,2.7,0.316,0.531,0.738,0.9,3.8,1.2,0.6,0.3,6.2
0.413,5.4,0.342,0.52,0.773,0.9,5.5,1.1,0.8,0.8,10.6
0.481,0.3,0.35,0.492,0.638,1.8,5.2,0.4,0.4,0.4,4.4
0.379,1,0.353,0.396,0.909,0.7,2.3,0.6,0.3,0.3,2.8
0.47,1.2,0.349,0.512,0.586,0.8,3.1,1,0.6,0.1,5.2
0.502,0.1,0.143,0.515,0.688,1.2,3.4,0.3,0.5,0.8,4.2
0.401,3.9,0.372,0.458,0.717,1,4.5,1.2,0.6,0.4,6.8
0.442,3.5,0.311,0.486,0.768,1.6,7.7,3.7,1.3,0.9,18.1
0.412,2.4,0.411,0.413,0.75,0.5,3,0.5,0.4,0.4,5.8
0.418,7,0.403,0.446,0.86,1.6,4.6,0.9,0.4,0.2,13.6
0.473,2.4,0.321,0.591,0.559,1.2,3.7,1,0.5,0.3,6.5
0.48,4,0.391,0.522,0.856,1.6,6.8,0.9,0.5,1.6,14.8
0.537,0.2,0.375,0.543,0.703,1.5,4.9,0.8,0.5,0.4,8.8
0.484,1.5,0.309,0.556,0.846,0.7,3.5,1.5,0.3,0.6,6.2
0.515,0.2,0.231,0.52,0.715,2,6.2,0.9,0.5,0.8,10.8
0.47,1.4,0.253,0.508,0.606,1.2,5.7,1.1,0.7,1,10.8
0.527,1.6,0.381,0.557,0.523,1.8,6.1,1.6,1.5,0.4,11
0.536,0,0,0.538,0.47,1.8,4.6,0.6,0.5,0.2,5
0.481,3.8,0.347,0.537,0.841,0.8,5.1,1.7,0.7,0.5,16.1
0.516,1.1,0.321,0.546,0.673,2,8,1.9,1.1,0.4,10
0.362,2.9,0.319,0.4,0.722,0.7,3.3,1,0.4,0.3,6.2
0.449,1.3,0.223,0.474,0.731,2.5,8.2,1.7,0.5,0.1,14.1
0.434,5.9,0.336,0.497,0.698,1.5,7.9,2.3,1,0.8,17.6
0.395,4.9,0.369,0.432,0.738,1.4,7.6,1.2,1.1,0.6,9.3
0.534,2.2,0.34,0.558,0.828,2.5,11.1,2.3,1.5,2.6,28.1
0.464,4.6,0.436,0.561,0.797,0.6,3.1,1.1,0.4,0.3,8.9
0.438,5.6,0.345,0.482,0.785,1.3,7.4,5.8,0.7,0.3,21.4
0.471,3.1,0.359,0.514,0.769,2.2,6.8,1.7,0.7,0.3,13.2
0.404,6.1,0.357,0.437,0.767,0.9,5.8,1.3,0.6,0.6,16.2
0.58,0,,0.58,0.758,0.9,4.1,0.4,0.2,0.4,4.9
0.453,5.1,0.393,0.501,0.86,2,6.7,2.6,0.7,0.3,14.6
0.44,3.3,0.373,0.588,0.816,0.2,2,1,0.3,0.4,5.9
0.414,5.4,0.371,0.457,0.764,1.4,6.6,2,0.8,0.4,13.5
0.386,3.9,0.366,0.426,0.765,0.5,4.4,1.6,0.3,0.6,6.5
0.454,3.7,0.301,0.562,0.775,1.1,7.6,7.3,1.4,1.3,11
0.541,0,,0.541,0.379,1.2,4.1,1.2,0.5,0.8,2.1
0.452,3.7,0.36,0.517,0.778,1.7,5.9,1.3,0.9,0.4,10.9
0.429,3.5,0.38,0.459,0.799,0.6,3.6,1.6,0.5,0.2,11.1
0.529,1.9,0.307,0.554,0.76,2.1,10,4.8,1.5,1.4,26.9
0.445,4.3,0.357,0.478,0.827,1,6.1,2,0.6,0.2,18.9
0.566,0,,0.566,0.806,1.5,4.4,0.9,0.3,0.4,5.6
0.482,2.6,0.383,0.514,0.741,1.4,4.9,1.9,0.8,0.3,12.6
0.503,2.5,0.308,0.587,0.698,0.8,4.9,3.8,1,0.7,10.8
0.457,2.3,0.339,0.499,0.721,2.7,8.4,1.4,0.6,0.5,10.3
0.393,1.7,0.363,0.452,0.771,0.2,2,1.6,0.5,0.2,3.2
0.446,1.3,0.347,0.47,0.767,1.3,4.4,1,0.5,0.7,7.7
0.477,2.2,0.312,0.54,0.868,0.8,3.2,1.3,0.5,0.4,10.8
0.535,1.4,0.291,0.613,0.675,1.1,3.9,0.7,0.4,1,8.4
0.576,0.6,0.34,0.598,0.715,2.4,7.3,1.3,0.6,1.1,10.5
0.398,1.2,0.326,0.422,0.84,0.8,2.6,0.4,0.3,0.2,4.8
0.466,2.1,0.414,0.511,0.807,0.7,3.3,0.6,0.3,0.2,5.8
0.33,1.7,0.287,0.403,0.3,0.6,2.3,0.3,0.2,0.6,2.3
0.424,1.9,0.38,0.44,0.635,0.9,5.4,2.2,0.8,0.5,7.8
0.497,3.7,0.379,0.59,0.77,1.2,5.7,2.7,0.8,0.5,11.5
0.514,0,0,0.517,0.706,2.1,4.8,0.6,0.4,0.4,5.9
0.516,6.1,0.419,0.565,0.889,0.5,6.8,5.4,0.7,1.8,26.4
0.439,4.8,0.395,0.454,0.793,1.3,6.6,1.2,0.8,2.4,22.7
0.45,5.6,0.366,0.511,0.707,1.1,6.3,1.8,0.6,0.4,16.1
0.382,1.7,0.403,0.364,0.83,0.6,2.4,0.6,0.4,0.2,4.1
0.434,5.9,0.362,0.497,0.843,1.2,7.5,1.2,0.6,0.6,15.2
0.542,5,0.367,0.603,0.731,1.2,8.6,9.1,1.4,0.9,27.5
0.481,2.8,0.364,0.599,0.684,0.4,3,0.9,1.2,0.4,7.5
0.429,4.3,0.368,0.467,0.805,0.8,5.4,1.3,0.6,0.2,13.6
0.48,2.8,0.367,0.529,0.82,1,5.6,1.9,0.8,0.5,11.5
0.423,2.6,0.295,0.509,0.608,1.1,5.5,1.2,0.7,1,7.7
0.458,3.9,0.413,0.512,0.829,0.9,4.7,1.2,0.7,0.5,9.5
0.489,1.8,0.313,0.613,0.746,1,3.3,0.7,0.4,0.7,5.4
0.507,1.2,0.395,0.52,0.78,1.3,5.6,1.7,0.5,0.6,13.2
0.527,2.1,0.405,0.582,0.658,0.7,3.3,1.1,0.3,0.1,8.8
0.461,2.7,0.415,0.505,0.8,0.8,4.1,1.3,0.7,0.2,6.8
0.447,6.5,0.377,0.525,0.818,1.1,7.4,1.5,0.8,0.7,15.6
0.444,1.2,0.303,0.5,0.621,1.3,5.8,0.6,0.4,0.3,4.9
0.39,3.8,0.371,0.435,0.717,1.1,5.6,0.9,1,0.3,6.1
0.508,1.6,0.22,0.612,0.621,1,4.5,2,0.8,0.5,7.3
0.398,2.1,0.386,0.421,0.87,0.4,2.4,0.7,0.6,0.3,3.9
0.464,3,0.345,0.506,0.696,1.7,6.4,2.8,1,1.2,14.6
0.356,4.2,0.349,0.384,0.817,0.6,3.7,0.8,0.5,0.4,5.9
0.471,2.1,0.314,0.516,0.772,1.3,5.1,1.3,0.8,0.7,11.5
0.431,5.1,0.386,0.539,0.774,1.4,5,0.9,0.4,0.3,9.3
0.494,0.8,0.167,0.593,0.661,0.6,2.4,0.5,0.3,0.1,4.2
0.346,1.7,0.32,0.397,0.61,0.5,2.2,0.3,0.3,0.1,2.7
0.483,3.9,0.36,0.559,0.797,1,6.3,0.8,0.4,1.3,12.6
0.448,0.9,0.353,0.459,0.805,1.7,4.8,1.2,0.4,0.8,8.7
0.577,0.4,0.2,0.595,0.768,2.4,7.1,1.2,0.8,0.7,12.2
0.487,2.2,0.32,0.531,0.598,2.3,6.3,1.9,1.7,0.4,11.8
0.46,5.6,0.411,0.488,0.829,0.7,5.5,2.4,0.9,0.4,18.6
0.516,0.5,0.242,0.545,0.71,1.7,4.7,1.2,0.4,0.3,6.3
0.491,3,0.381,0.563,0.706,0.8,4.8,1.2,0.4,0.5,9.9
0.441,2.3,0.36,0.556,0.81,1.2,3.3,0.7,0.2,0.1,4.7
0.473,2.5,0.347,0.503,0.785,1.6,6.7,2.2,0.7,0.2,14.5
34.2,,0.516,0.419,0.586,,0.889,0.5,6.4,6.8,1.8
32.4,2.001677852,0.439,0.395,0.489,1.331879195,0.793,1.3,5.3,6.6,2.4
31.2,1.724598388,0.45,0.366,0.527,0.6779031536,0.707,1.1,5.1,6.3,0.4
18.5,2.9742396,0.382,0.403,0.476,0.4595526857,0.83,0.6,1.8,2.4,0.2
29.7,,0.434,0.362,0.518,,0.843,1.2,6.3,7.5,0.6
36.9,,0.542,0.367,0.59,,0.731,1.2,7.5,8.6,0.9
25.6,,0.481,0.364,0.572,,0.684,0.4,2.7,3,0.4
26.8,,0.429,0.368,0.499,,0.805,0.8,4.6,5.4,0.2
27,,0.48,0.367,0.536,,0.82,1,4.6,5.6,0.5
21.2,,0.423,0.295,0.482,,0.608,1.1,4.4,5.5,1
25.7,,0.458,0.413,0.57,,0.829,0.9,3.8,4.7,0.5
16.8,,0.489,0.313,0.553,,0.746,1,2.3,3.3,0.7
22.3,,0.507,0.395,0.528,,0.78,1.3,4.3,5.6,0.6
18.5,,0.527,0.405,0.59,,0.658,0.7,2.6,3.3,0.1
20.5,,0.461,0.415,0.563,,0.8,0.8,3.3,4.1,0.2
27.2,,0.447,0.377,0.546,,0.818,1.1,6.3,7.4,0.7
16.2,,0.444,0.303,0.487,,0.621,1.3,4.5,5.8,0.3
27.8,,0.39,0.371,0.52,,0.717,1.1,4.4,5.6,0.3
20.7,,0.508,0.22,0.537,,0.621,1,3.5,4.5,0.5
15.5,,0.398,0.386,0.523,,0.87,0.4,2,2.4,0.3
30.1,,0.464,0.345,0.509,,0.696,1.7,4.7,6.4,1.2
19.4,,0.356,0.349,0.496,,0.817,0.6,3.1,3.7,0.4
21.6,,0.471,0.314,0.506,,0.772,1.3,3.8,5.1,0.7
26.1,,0.431,0.386,0.568,,0.774,1.4,3.6,5,0.3
12.1,,0.494,0.167,0.514,,0.661,0.6,1.8,2.4,0.1
15.8,,0.346,0.32,0.452,,0.61,0.5,1.7,2.2,0.1
27.5,,0.483,0.36,0.552,,0.797,1,5.3,6.3,1.3
20.7,,0.448,0.353,0.467,,0.805,1.7,3.2,4.8,0.8
33.2,,0.577,0.2,0.581,,0.768,2.4,4.8,7.1,0.7
32.2,,0.487,0.32,0.521,,0.598,2.3,4,6.3,0.4
33.4,,0.46,0.411,0.535,,0.829,0.7,4.7,5.5,0.4
17,,0.516,0.242,0.528,,0.71,1.7,3,4.7,0.3
19.1,,0.491,0.381,0.566,,0.706,0.8,4,4.8,0.5
13.3,,0.441,0.36,0.546,,0.81,1.2,2.1,3.3,0.1
25.6,,0.473,0.347,0.507,,0.785,1.6,5.1,6.7,0.2